Kavex/GameDev-Resources,1129,None
Thinkgamer/Machine-Learning-With-Python,616,TSQL
vmangos/core,210,TSQL
guibranco/BancosBrasileiros,119,TSQL
omniti-labs/pg_jobmon,119,PLpgSQL
KETSE/casebox,216,SQLPL
ledgersmb/LedgerSMB,191,PLpgSQL
yahoo/mysql_partition_manager,200,SQLPL
tanelpoder/tpt-oracle,391,PLSQL
readyroll/generate-sql-merge,218,PLpgSQL
cocos-creator/tutorial-dark-slash,235,PLSQL
TexanInParis/Effective-SQL,154,PLSQL
tSQLt-org/tSQLt,242,TSQL
craftcms/demo,703,PLpgSQL
chinnonsantos/sql-paises-estados-cidades,191,TSQL
acredjb/FBP,264,PLSQL
BE-Kits/backend-boilerplates,392,TSQL
dr5hn/countries-states-cities-database,503,TSQL
shellteo/ccap,126,PLpgSQL
nologic/idaref,548,PLSQL
opensupports/opensupports,479,TSQL
haskell-beam/beam,405,TSQL
cmangos/mangos-wotlk,295,TSQL
tobyhede/postgresql-event-sourcing,127,PLpgSQL
nystudio107/craft,196,TSQL
cyq1162/Aries,417,SQLPL
evemuproject/evemu_server,140,TSQL
smartchicago/chicago-atlas,150,PLpgSQL
pizepei/LayuiAdminProPHP,131,TSQL
huangche007/vue-jd,470,TSQL
iamdarcy/hioshop-server,167,PLpgSQL
mapbox/postgis-vt-util,197,PLpgSQL
rapid7/metasploitable3,2750,TSQL
ether-camp/ethereum-harmony,245,TSQL
SeriaWei/ZKEACMS,2173,TSQL
OPMDG/opm-core,149,PLpgSQL
olahallengren/sql-server-maintenance-solution,1494,TSQL
hxgdzyuyi/tang_poetry,372,TSQL
baidu-security/app-env-docker,188,TSQL
morenoh149/postgresDBSamples,106,PLpgSQL
developerworks/hierarchy-data-closure-table,130,PLpgSQL
starkfell/100DaysOfIaC,230,PLpgSQL
OHDSI/CommonDataModel,456,PLpgSQL
scrollmapper/bible_databases,502,TSQL
cseagle/fREedom,210,PLpgSQL
DarkstarProject/darkstar,463,TSQL
microsoft/sql-server-samples,5029,SQLPL
amachanic/sp_whoisactive,411,TSQL
OSMNames/OSMNames,209,TSQL
anthonydb/practical-sql,297,PLpgSQL
sqc157400661/XiaoTShop,339,TSQL
mulesoft/anypoint-examples,156,TSQL
vorburger/MariaDB4j,517,PLSQL
BrentOzarULTD/SQL-Server-First-Responder-Kit,1956,TSQL
der-stefan/OpenTopoMap,256,PLpgSQL
ioguix/pgsql-bloat-estimation,228,TSQL
2ndQuadrant/audit-trigger,450,PLpgSQL
metasfresh/metasfresh,653,TSQL
swganh/mmoserver,218,TSQL
ipfspics/ipfspics-server,1050,TSQL
lob/pg_insights,236,TSQL
livisky/liblog,381,TSQL
MonetDB/MonetDB,296,TSQL
Abstrct/Schemaverse,198,PLpgSQL
NikoNeugebauer/CISL,133,PLpgSQL
robconery/pg-auth,116,PLpgSQL
chucknorris/roundhouse,775,PLpgSQL
feiyit/FytSoaCms,399,TSQL
microsoft/DiagManager,162,TSQL
hepabolu/mytap,118,TSQL
df8org/scaledger,109,PLpgSQL
fishtown-analytics/dbt-utils,134,TSQL
aneasystone/mysql-deadlocks,554,PLpgSQL
z-song/demo.laravel-admin.org,427,TSQL
shiguanghuxian/docker-compose,116,PLpgSQL
pthom/northwind_psql,203,TSQL
ankane/pghero.sql,155,PLpgSQL
cybertec-postgresql/pgwatch2,796,PLpgSQL
TonicAI/masquerade,117,TSQL
robconery/dox,161,PLpgSQL
longguikeji/arkid-core,130,TSQL
michelp/pgjwt,179,PLpgSQL
InteractiveAdvertisingBureau/adstxtcrawler,107,PLpgSQL
akorchev/blazor.radzen.com,439,TSQL
mjhea0/thinkful-mentor,150,TSQL
FreeGIS/Postgis_Coordinate_Transform,160,PLpgSQL
cisagov/cset,192,TSQL
pgpartman/pg_partman,987,PLpgSQL
jeesun/oauthserver,230,TSQL
theory/pgtap,580,PLpgSQL
AWSinAction/code2,117,TSQL
shlomi-noach/common_schema,101,PLpgSQL
tbonza/Learn-SQL-The-Hard-Way,155,PLpgSQL
CounterpartyXCP/counterparty-lib,247,TSQL
adubkov/py-zabbix,285,TSQL
XD-DENG/SQL-exercise,737,TSQL
codeschool/sqlite-parser,266,PLpgSQL
acani/Chats,2061,SQLPL
sivers/store,198,PLpgSQL
skr-shop/manuals,1480,TSQL
APIJSON/APIJSON,7953,TSQL
bnagy/cgasm,305,PLpgSQL
edx/devstack,234,TSQL
raramuridesign/mysql-country-list,413,TSQL
wwenj/tripRecord,1426,PLpgSQL
threathunterX/nebula,887,TSQL
datacharmer/test_db,2031,PLpgSQL
shawlu95/Beyond-LeetCode-SQL,179,TSQL
nobodyiam/apollo-build-scripts,425,TSQL
hnsl/colpivot,147,PLpgSQL
filerun/docker,129,TSQL
bgkatz/3phase_integrated,128,PLSQL
NikolayS/postgres_dba,490,TSQL
aquametalabs/aquameta,904,PLpgSQL
oracle/learning-library,430,PLSQL
mixerp/mixerp,452,PLpgSQL
digoal/blog,5091,PLpgSQL
MichelleUfford/sql-scripts,187,SQLPL
fabragaMS/ADPE2E,164,TSQL
openopps/openopps-platform,251,PLpgSQL
antontarasenko/smq,1365,TSQL
ktaranov/sqlserver-kit,946,TSQL
jhartwell/Plsm,202,PLpgSQL
wenguonideshou/zhuye_kim,321,TSQL
WordPress/meta-environment,178,TSQL
GoogleChrome/CrUX,107,TSQL
openbenches/openbenches.org,118,TSQL
solidsnack/GraphpostgresQL,1022,PLpgSQL
Ysurac/FlightAirMap,336,TSQL
pirate/wikipedia-mirror,129,PLpgSQL
cystanford/sql_heros_data,108,TSQL
ahmadazizi/iran-cities,144,TSQL
leehach/census-postgres,112,SQL
vimagick/dockerfiles,1963,TSQL
WikiToLearn/WikiToLearn,184,TSQL
CRLibre/API_Hacienda,111,TSQL
qaprosoft/qps-infra,119,TSQL
SimmerChan/KG-demo-for-movie,727,TSQL
ankane/groupdate.sql,253,PLpgSQL
kelvins/Municipios-Brasileiros,482,TSQL
TrinityCore/WowPacketParser,245,TSQL
PokemonUnity/PokemonUnity,794,TSQL
subzerocloud/subzero-starter-kit,126,PLpgSQL
MontageD/nuxt-maopingshou,290,TSQL
markjprice/cs8dotnetcore3,104,TSQL
BedquiltDB/bedquilt-core,254,PLpgSQL
rentrop/serverless-postgraphql,106,PLpgSQL
statickidz/TemarioDAW,186,PLSQL
pljson/pljson,309,PLSQL
pgMemento/pgMemento,239,PLpgSQL
tony-landis/agilebill,292,SQL
oracle/db-sample-schemas,336,TSQL
utPLSQL/utPLSQL,360,PLSQL
wandou911/ssr,346,TSQL
gavinwahl/postgres-json-schema,270,PLpgSQL
zoghal/Presian-Date-for-MySQL,120,TSQL
MicrosoftLearning/DP-200-Implementing-an-Azure-Data-Solution,241,TSQL
devrimgunduz/pagila,130,PLpgSQL
oracle/analytical-sql-examples,116,PLSQL
darold/pgFormatter,920,PLpgSQL
cmangos/mangos-tbc,253,TSQL
openmaptiles/openmaptiles,971,SQLPL
cahyadsn/wilayah,131,TSQL
knxroot/bdcut-cl,138,PLSQL
orbisgis/h2gis,139,TSQL
objectrocket/ansible-hadoop,121,TSQL
jOOQ/jOOQ,3902,TSQL
cmangos/classic-db,101,TSQL
Yin-Hongwei/music-website,169,TSQL
Tencent/TH_COVID19_International,328,TSQL
Pelhans/Z_knowledge_graph,476,TSQL
begriffs/pg_rational,143,PLpgSQL
handsonscala/handsonscala,259,TSQL
mike-works/sql-fundamentals,117,TSQL
1eez/103976,282,PLpgSQL
postgis/postgis,828,PLpgSQL
CrunchyData/pgmonitor,151,PLpgSQL
IBM/spark-tpc-ds-performance-test,112,TSQL
subzerocloud/postgrest-starter-kit,576,PLpgSQL
404notf0und/Security-Data-Analysis-and-Visualization,592,TSQL
geocompass/pg-coordtransform,156,PLpgSQL
yoosuf/Messenger,307,TSQL
fecgov/openFEC,358,TSQL
bkiers/sqlite-parser,115,PLpgSQL
OraOpenSource/oos-utils,136,PLSQL
nnkwrik/weapp-fangxianyu,124,TSQL
hiiamrohit/Countries-States-Cities-database,736,TSQL
pgpointcloud/pointcloud,268,PLpgSQL
PHPAuth/PHPAuth,681,TSQL
dufyun/learn-tech-collection,132,TSQL
moeen-basra/laravel-react,424,TSQL
AldonahZero/spring-Boot-Vue-Bank,145,TSQL
mysql/mysql-sys,737,PLpgSQL
2020NCOV/ncov-report,127,TSQL
mikemelon/java-exam,347,TSQL
geopython/pygeoapi,115,PLpgSQL
lerocha/chinook-database,652,PLpgSQL
umpirsky/country-list,4401,TSQL
3dcitydb/3dcitydb,177,PLpgSQL
lyj8330328/leyou,472,TSQL
mortenbra/alexandria-plsql-utils,519,PLSQL
mixerp/plpgunit,101,PLpgSQL
2gis/partition_magic,110,PLpgSQL
TuiQiao/CBoard,2472,TSQL
hortonworks/hive-testbench,180,TSQL
eduosi/district,875,TSQL
lihaoyi/macropy,2990,TSQL
aws-samples/amazon-redshift-udfs,185,PLpgSQL
marcingminski/sqlwatch,163,TSQL
frou/pg2go,115,PLpgSQL
awslabs/rds-support-tools,130,TSQL
lorint/AdventureWorks-for-Postgres,128,PLpgSQL
mapbox/node-sqlite3,4403,PLpgSQL
cmangos/mangos-classic,567,TSQL